{
    "sections":[
        {
            "desc":"section 1 desc",
            "video":"https://videobucketjatin.s3.ap-south-1.amazonaws.com/Countdown+5+Seconds+HD.mp4",
            "exercises":[
                {
                    "code":"exercise 1",
                    "desc":"desc text"
                },
                {
                    "code":"exercise 2",
                    "desc":"desc text"
                },
                {
                    "code":"exercise 3",
                    "desc":"desc text"
                }
            ]
        },
        {
            "desc":"section 2 desc",
            "video":"https://videobucketjatin.s3.ap-south-1.amazonaws.com/Countdown+5+Seconds+HD.mp4",
            "exercises":[
                {
                    "code":"exercise 4",
                    "desc":"desc text"
                },
                {
                    "code":"exercise 5",
                    "desc":"desc text"
                }
            ]
        }
    ]
}